<?xml version="1.0" encoding="UTF-8"?><employees><employee><address>delhi</address><age>17</age><empid>1</empid><name>ATUL KUMAR</name><salary>300000.0</salary><school>Little Garden</school></employee><employee><address>delhi</address><age>17</age><empid>1</empid><name>ATUL KUMAR</name><salary>300000.0</salary><school>Little Garden</school></employee><employee><address>delhi</address><age>17</age><empid>1</empid><name>ATUL KUMAR</name><salary>300000.0</salary><school>Little Garden</school></employee><employee><address>delhi</address><age>17</age><empid>1</empid><name>ATUL KUMAR</name><salary>300000.0</salary><school>Little Garden</school></employee><employee><address>delhi</address><age>17</age><empid>1</empid><name>ATUL KUMAR</name><salary>300000.0</salary><school>Little Garden</school></employee><employee><address>delhi</address><age>17</age><empid>1</empid><name>ATUL KUMAR</name><salary>300000.0</salary><school>Little Garden</school></employee><employee><address>delhi</address><age>21</age><empid>2</empid><name>ASHUTOSH RAJPUT</name><salary>400000.0</salary><school>Little Garden</school></employee><employee><address>delhi</address><age>21</age><empid>2</empid><name>ASHUTOSH RAJPUT</name><salary>400000.0</salary><school>Little Garden</school></employee><employee><address>delhi</address><age>21</age><empid>2</empid><name>ASHUTOSH RAJPUT</name><salary>400000.0</salary><school>Little Garden</school></employee><employee><address>delhi</address><age>21</age><empid>2</empid><name>ASHUTOSH RAJPUT</name><salary>400000.0</salary><school>Little Garden</school></employee><employee><address>delhi</address><age>21</age><empid>2</empid><name>ASHUTOSH RAJPUT</name><salary>400000.0</salary><school>Little Garden</school></employee><employee><address>delhi</address><age>21</age><empid>2</empid><name>ASHUTOSH RAJPUT</name><salary>400000.0</salary><school>Little Garden</school></employee><employee><address>Kanpur</address><age>27</age><empid>3</empid><name>Adesh Verma</name><salary>80000.0</salary><school>Little Garden</school></employee><employee><address>Kanpur</address><age>27</age><empid>3</empid><name>Adesh Verma</name><salary>80000.0</salary><school>Little Garden</school></employee><employee><address>Kanpur</address><age>27</age><empid>3</empid><name>Adesh Verma</name><salary>80000.0</salary><school>Little Garden</school></employee><employee><address>Kanpur</address><age>27</age><empid>3</empid><name>Adesh Verma</name><salary>80000.0</salary><school>Little Garden</school></employee><employee><address>Kanpur</address><age>27</age><empid>3</empid><name>Adesh Verma</name><salary>80000.0</salary><school>Little Garden</school></employee><employee><address>Kanpur</address><age>27</age><empid>3</empid><name>Adesh Verma</name><salary>80000.0</salary><school>Little Garden</school></employee><employee><address>Noida</address><age>37</age><empid>4</empid><name>Dinesh Rajput</name><salary>300000.0</salary><school>Little Garden</school></employee><employee><address>Noida</address><age>37</age><empid>4</empid><name>Dinesh Rajput</name><salary>300000.0</salary><school>Little Garden</school></employee><employee><address>Noida</address><age>37</age><empid>4</empid><name>Dinesh Rajput</name><salary>300000.0</salary><school>Little Garden</school></employee><employee><address>Noida</address><age>37</age><empid>4</empid><name>Dinesh Rajput</name><salary>300000.0</salary><school>Little Garden</school></employee><employee><address>Noida</address><age>37</age><empid>4</empid><name>Dinesh Rajput</name><salary>300000.0</salary><school>Little Garden</school></employee><employee><address>Noida</address><age>37</age><empid>4</empid><name>Dinesh Rajput</name><salary>300000.0</salary><school>Little Garden</school></employee><employee><address>delhi</address><age>17</age><empid>5</empid><name>ATUL KUMAR</name><salary>300000.0</salary><school>Little Garden</school></employee><employee><address>delhi</address><age>17</age><empid>5</empid><name>ATUL KUMAR</name><salary>300000.0</salary><school>Little Garden</school></employee><employee><address>delhi</address><age>17</age><empid>5</empid><name>ATUL KUMAR</name><salary>300000.0</salary><school>Little Garden</school></employee><employee><address>delhi</address><age>17</age><empid>5</empid><name>ATUL KUMAR</name><salary>300000.0</salary><school>Little Garden</school></employee><employee><address>delhi</address><age>17</age><empid>5</empid><name>ATUL KUMAR</name><salary>300000.0</salary><school>Little Garden</school></employee><employee><address>delhi</address><age>17</age><empid>5</empid><name>ATUL KUMAR</name><salary>300000.0</salary><school>Little Garden</school></employee><employee><address>delhi</address><age>21</age><empid>6</empid><name>ASHUTOSH RAJPUT</name><salary>400000.0</salary><school>Little Garden</school></employee><employee><address>delhi</address><age>21</age><empid>6</empid><name>ASHUTOSH RAJPUT</name><salary>400000.0</salary><school>Little Garden</school></employee><employee><address>delhi</address><age>21</age><empid>6</empid><name>ASHUTOSH RAJPUT</name><salary>400000.0</salary><school>Little Garden</school></employee><employee><address>delhi</address><age>21</age><empid>6</empid><name>ASHUTOSH RAJPUT</name><salary>400000.0</salary><school>Little Garden</school></employee><employee><address>delhi</address><age>21</age><empid>6</empid><name>ASHUTOSH RAJPUT</name><salary>400000.0</salary><school>Little Garden</school></employee><employee><address>delhi</address><age>21</age><empid>6</empid><name>ASHUTOSH RAJPUT</name><salary>400000.0</salary><school>Little Garden</school></employee><employee><address>Kanpur</address><age>27</age><empid>7</empid><name>Adesh Verma</name><salary>80000.0</salary><school>Little Garden</school></employee><employee><address>Kanpur</address><age>27</age><empid>7</empid><name>Adesh Verma</name><salary>80000.0</salary><school>Little Garden</school></employee><employee><address>Kanpur</address><age>27</age><empid>7</empid><name>Adesh Verma</name><salary>80000.0</salary><school>Little Garden</school></employee><employee><address>Kanpur</address><age>27</age><empid>7</empid><name>Adesh Verma</name><salary>80000.0</salary><school>Little Garden</school></employee><employee><address>Kanpur</address><age>27</age><empid>7</empid><name>Adesh Verma</name><salary>80000.0</salary><school>Little Garden</school></employee><employee><address>Kanpur</address><age>27</age><empid>7</empid><name>Adesh Verma</name><salary>80000.0</salary><school>Little Garden</school></employee><employee><address>Noida</address><age>37</age><empid>8</empid><name>Dinesh Rajput</name><salary>300000.0</salary><school>Little Garden</school></employee><employee><address>Noida</address><age>37</age><empid>8</empid><name>Dinesh Rajput</name><salary>300000.0</salary><school>Little Garden</school></employee><employee><address>Noida</address><age>37</age><empid>8</empid><name>Dinesh Rajput</name><salary>300000.0</salary><school>Little Garden</school></employee><employee><address>Noida</address><age>37</age><empid>8</empid><name>Dinesh Rajput</name><salary>300000.0</salary><school>Little Garden</school></employee><employee><address>Noida</address><age>37</age><empid>8</empid><name>Dinesh Rajput</name><salary>300000.0</salary><school>Little Garden</school></employee><employee><address>Noida</address><age>37</age><empid>8</empid><name>Dinesh Rajput</name><salary>300000.0</salary><school>Little Garden</school></employee></employees>