<?xml version="1.0" encoding="UTF-8"?>
<beans xmlns="http://www.springframework.org/schema/beans"		
	xmlns:xsi="http://www.w3.org/2001/XMLSchema-instance"
	xmlns:jdbc="http://www.springframework.org/schema/jdbc"	
	xsi:schemaLocation="http://www.springframework.org/schema/beans	
	http://www.springframework.org/schema/beans/spring-beans.xsd 	
    http://www.springframework.org/schema/beans 
    http://www.springframework.org/schema/beans/spring-beans.xsd
    http://www.springframework.org/schema/jdbc 
	http://www.springframework.org/schema/jdbc/spring-jdbc.xsd">
    
    <bean id="jobRepository"
	class="org.springframework.batch.core.repository.support.JobRepositoryFactoryBean">
		<property name="dataSource" ref="dataSource" />
		<property name="transactionManager" ref="transactionManager" />
		<property name="databaseType" value="mysql" />
  	</bean>
  	
  	<bean id="jobLauncher"
	class="org.springframework.batch.core.launch.support.SimpleJobLauncher">
		<property name="jobRepository" ref="jobRepository" />
  	</bean>
  	
    <bean id="transactionManager"
	class="org.springframework.batch.support.transaction.ResourcelessTransactionManager" />
	
	<bean id="dataSource"
		class="org.springframework.jdbc.datasource.DriverManagerDataSource" >
		<property name="driverClassName" value="com.mysql.jdbc.Driver" />
		<property name="url" value="jdbc:mysql://localhost:3306/test" />
		<property name="username" value="root" />
		<property name="password" value="root" />
	</bean>
	
	<!-- Create meta-tables -->
	<jdbc:initialize-database data-source="dataSource">
		<jdbc:script location="org/springframework/batch/core/schema-drop-mysql.sql" />
		<jdbc:script location="org/springframework/batch/core/schema-mysql.sql" />
	</jdbc:initialize-database>
	
</beans>