<?xml version="1.0" encoding="UTF-8"?>
<beans xmlns="http://www.springframework.org/schema/beans"	
	xmlns:batch="http://www.springframework.org/schema/batch" 
	xmlns:task="http://www.springframework.org/schema/task"	
	xmlns:xsi="http://www.w3.org/2001/XMLSchema-instance"
	xmlns:context="http://www.springframework.org/schema/context"
	xmlns:jdbc="http://www.springframework.org/schema/jdbc"	
	xsi:schemaLocation="http://www.springframework.org/schema/beans	
	http://www.springframework.org/schema/beans/spring-beans.xsd 	
    http://www.springframework.org/schema/beans 
    http://www.springframework.org/schema/beans/spring-beans.xsd
    http://www.springframework.org/schema/batch 
    http://www.springframework.org/schema/batch/spring-batch.xsd
    http://www.springframework.org/schema/context 
    http://www.springframework.org/schema/context/spring-context.xsd 			
    http://www.springframework.org/schema/jdbc 
	http://www.springframework.org/schema/jdbc/spring-jdbc.xsd
	http://www.springframework.org/schema/task
	http://www.springframework.org/schema/task/spring-task.xsd">
	
	<context:component-scan base-package="com.javacodegeeks.example.util"></context:component-scan>
	
	<job id="myJob" xmlns="http://www.springframework.org/schema/batch" restartable="true">
		<step id="step1" allow-start-if-complete="true">
			<tasklet ref="myTasklet">
			</tasklet>
		</step>
	</job>
	
	<bean id="myTasklet" class="com.javacodegeeks.example.util.MyTasklet">
	   <property name="dataSource" ref="dataSource"></property>
	</bean>
	
	<bean id="myScheduler" class="com.javacodegeeks.example.util.MyScheduler"/>	
	<!-- this is where we are scheduling the job to run using our scheduler every 5 secs, note how the method of the
	     scheduler and the cron expression to be used are being specified -->
	<task:scheduled-tasks>
		<task:scheduled ref="myScheduler" method="run" cron="*/5 * * * * *"/>
	</task:scheduled-tasks>	
	
	</beans>