<?xml version="1.0" encoding="UTF-8"?>
<beans xmlns="http://www.springframework.org/schema/beans"
	xmlns:context="http://www.springframework.org/schema/context"
	xmlns:p="http://www.springframework.org/schema/p" 
	xmlns:batch="http://www.springframework.org/schema/batch"
	xmlns:mvc="http://www.springframework.org/schema/mvc" 
	xmlns:xsi="http://www.w3.org/2001/XMLSchema-instance"
	xsi:schemaLocation="http://www.springframework.org/schema/beans
http://www.springframework.org/schema/beans/spring-beans-4.0.xsd
http://www.springframework.org/schema/context
http://www.springframework.org/schema/context/spring-context-4.0.xsd
http://www.springframework.org/schema/mvc
http://www.springframework.org/schema/mvc/spring-mvc-4.0.xsd
http://www.springframework.org/schema/batch 
http://www.springframework.org/schema/batch/spring-batch-2.0.xsd">

	<import resource="applicationContext.xml"/>
	<import resource="ApplicationDB.xml"/>
	
	<bean id="itemReader" class="org.springframework.batch.item.database.JdbcCursorItemReader" scope="step">
		<property name="dataSource" ref="dataSource"/>
		<property name="sql" value="select empid, empname, empAge, empaddress, salary from employeet" />
		<property name="rowMapper">
			<bean class="com.doj.batch.mapper.EmployeeRowMapper" />
		</property>
 	 </bean>
 
    <bean id="itemWriter" class="org.springframework.batch.item.xml.StaxEventItemWriter">
		<property name="resource" value="file:xml/outputs/employees.xml" />
		<property name="marshaller" ref="empMarshaller" />
		<property name="rootTagName" value="employees" />
	 </bean> 
    
    <bean id="empMarshaller" class="org.springframework.oxm.jaxb.Jaxb2Marshaller">
		<property name="classesToBeBound">
			<value>com.doj.batch.bean.Employee</value>
		</property>
 	 </bean>	
  
    <batch:job id="simpleDojJob" job-repository="jobRepository" parent="simpleJob">
    	<batch:step id="step1">
    		<batch:tasklet transaction-manager="transactionManager">
    			<batch:chunk reader="itemReader" writer="itemWriter" commit-interval="1"/>
    		</batch:tasklet>
    	</batch:step>
    </batch:job>   
</beans>